{
  "name": "Evyd13 nt980",
  "vendorId": "0x4705",
  "productId": "0xAAF8",
  "lighting": "none",
  "matrix": {
    "rows": 12,
    "cols": 9
  },
  "layouts": {
    "labels": [
      "ISO Enter",
      "Split Left Shift",
	  ["Bottom Row", "Default", "WKL", "WK Alternate"]
    ],
    "keymap": [
      [
        {
          "c": "#777777"
        },
        "0,0",
        {
          "x": 1,
          "c": "#cccccc"
        },
        "0,1",
        "1,1",
        "0,2",
        "1,2",
        {
          "x": 0.5,
          "c": "#aaaaaa"
        },
        "0,3",
        "1,3",
        "0,4",
        "1,4",
        {
          "x": 0.5,
          "c": "#cccccc"
        },
        "0,5",
        "1,5",
        "0,6",
        "1,6",
        {
          "x": 0.5,
          "c": "#aaaaaa"
        },
        "0,7",
        "1,7",
        "0,8",
        "1,8"
      ],
      [
        {
          "y": 0.5,
          "c": "#cccccc"
        },
        "2,0",
        "3,0",
        "2,1",
        "3,1",
        "2,2",
        "3,2",
        "2,3",
        "3,3",
        "2,4",
        "3,4",
        "2,5",
        "3,5",
        "2,6",
        {
          "c": "#aaaaaa",
          "w": 2
        },
        "3,6",
        {
          "x": 0.5
        },
        "2,7",
        "3,7",
        "2,8",
        "3,8"
      ],
      [
        {
          "w": 1.5
        },
        "4,0",
        {
          "c": "#cccccc"
        },
        "5,0",
        "4,1",
        "5,1",
        "4,2",
        "5,2",
        "4,3",
        "5,3",
        "4,4",
        "5,4",
        "4,5",
        "5,5",
        "4,6",
        {
          "w": 1.5
        },
        "5,6\n\n\n0,0",
        {
          "x": 0.5
        },
        "4,7",
        "5,7",
        "4,8",
        {
          "c": "#aaaaaa",
          "h": 2
        },
        "5,8"
      ],
      [
        {
          "w": 1.75
        },
        "6,0",
        {
          "c": "#cccccc"
        },
        "7,0",
        "6,1",
        "7,1",
        "6,2",
        "7,2",
        "6,3",
        "7,3",
        "6,4",
        "7,4",
        "6,5",
        "7,5",
        {
          "c": "#777777",
          "w": 2.25
        },
        "7,6\n\n\n0,0",
        {
          "x": 0.5,
          "c": "#cccccc"
        },
        "6,7",
        "7,7",
        "6,8"
      ],
      [
        {
          "c": "#aaaaaa",
          "w": 2.25
        },
        "8,0\n\n\n1,0",
        {
          "c": "#cccccc"
        },
        "8,1",
        "9,1",
        "8,2",
        "9,2",
        "8,3",
        "9,3",
        "8,4",
        "9,4",
        "8,5",
        "9,5",
        {
          "c": "#aaaaaa",
          "w": 1.75
        },
        "8,6",
        {
          "x": 1.5,
          "c": "#cccccc"
        },
        "8,7",
        "9,7",
        "8,8",
        {
          "c": "#777777",
          "h": 2
        },
        "9,8"
      ],
	  
	  
      [
        {
          "y": -0.75,
          "x": 14.25,
          "c": "#aaaaaa"
        },
        "9,6"
      ],
      [
        {
          "y": -0.25,
          "w": 1.25
        },
        "10,0\n\n\n2,0",
        "11,0\n\n\n2,0",
        {
          "w": 1.25
        },
        "10,1\n\n\n2,0",
		{
          "c": "#cccccc",
          "w": 6.25
        },
        "10,3\n\n\n2,0",	
		{
          "c": "#aaaaaa"
        },
        "11,4\n\n\n2,0",
        "10,5\n\n\n2,0",
        {
          "w": 1.25
        },
        "11,5\n\n\n2,0",
        {
          "x": 3.5,
          "c": "#cccccc"
        },
        "11,7",
        "10,8"
      ],
	  [
        {
          "y": -0.25,
          "w": 1.5
        },
        "10,0\n\n\n2,1",
        {
          "w": 1.5
        },
        "10,1\n\n\n2,1",
		{
          "c": "#cccccc",
          "w": 7
        },
        "10,3\n\n\n2,1",	
		{
          "c": "#aaaaaa",
		  "w":1.5
        },
        "11,4\n\n\n2,1",
        {
          "w": 1.5
        },
        "11,5\n\n\n2,1"
      ],
	  
	  [
        {
          "y": -0.25,
          "w": 1.25
        },
        "10,0\n\n\n2,2",
		{
          "w": 1.25
        },
        "11,0\n\n\n2,2",
        {
          "w": 1.25
        },
        "10,1\n\n\n2,2",
		{
          "c": "#cccccc",
          "w": 6.25
        },
        "10,3\n\n\n2,2",	
		{
          "c": "#aaaaaa",
		  "w":1.5
        },
        "11,4\n\n\n2,2",
        {
          "w": 1.5
        },
        "11,5\n\n\n2,2"
      ],
	  
      [
        {
          "y": -2.25,
          "x": 13.25,
          "c": "#aaaaaa"
        },
        "10,6",
        "11,6",
        "10,7"
      ],
      [
        {
          "y": 0.25,
          "w": 1.25
        },
        "8,0\n\n\n1,1",
        "9,0\n\n\n1,1",
        {
          "x": 11.5,
          "c": "#777777",
          "w": 1.25,
          "h": 2,
          "w2": 1.5,
          "h2": 1,
          "x2": -0.25
        },
        "7,6\n\n\n0,1"
      ],
      [
        {
          "x": 12.75,
          "c": "#cccccc"
        },
        "6,6\n\n\n0,1"
      ]
    ]
  }
}